pattern_idx,pattern,match_count,n_genomes,time_s,mem_gb,precision,recall,f1
1,#__,1,48,29.948125,7.4754166666666615,0.6236250000000001,0.7335020833333337,0.5720208333333335
11,#____________,1,48,15.63770833333333,3.588333333333335,0.62076875,0.3651104166666667,0.38150625000000016
21,#______________________,1,48,11.849166666666664,2.7743749999999996,0.0,0.0,0.0
16,#_________________,1,49,13.992857142857142,3.3575510204081604,0.0,0.0,0.0
26,#___________________________,1,49,12.03061224489796,2.7759183673469376,0.0,0.0,0.0
6,#_______,1,49,18.896122448979582,4.66081632653061,0.6305469387755103,0.5497530612244897,0.491508163265306
5,#______,1,49,19.236326530612242,4.659795918367346,0.6357999999999999,0.5502591836734689,0.49591632653061235
15,#________________,1,49,15.34326530612245,3.588163265306125,0.6251142857142856,0.3613224489795918,0.37917551020408163
25,#__________________________,1,49,12.253265306122449,2.7755102040816313,0.0,0.0,0.0
13,#______________,1,49,15.419999999999996,3.5875510204081653,0.6285979591836734,0.3624979591836734,0.38436938775510204
23,#________________________,1,49,11.930816326530618,2.775510204081632,0.0,0.0,0.0
3,#____,1,49,23.988775510204082,5.541632653061223,0.6314693877551019,0.7510755102040817,0.582561224489796
2,#___,1,49,27.762448979591838,7.0720408163265285,0.6330285714285712,0.6996918367346937,0.5633408163265303
12,#_____________,1,49,15.650612244897962,3.5869387755102062,0.6280408163265307,0.36303673469387737,0.38382448979591854
22,#_______________________,1,49,11.882040816326532,2.775306122448979,0.0,0.0,0.0
8,#_________,1,49,18.366938775510203,4.428979591836737,0.6332102040816328,0.7300306122448981,0.5741142857142855
18,#___________________,1,49,14.271020408163267,3.3567346938775477,0.0,0.0,0.0
28,#_____________________________,1,49,11.94163265306122,2.775714285714285,0.0,0.0,0.0
0,#_,1,46,41.59826086956523,11.378478260869569,0.6011369565217393,0.78275,0.5764586956521737
10,#___________,1,46,15.639565217391304,3.588478260869567,0.6129608695652174,0.3692108695652176,0.3830869565217391
20,#_____________________,1,46,11.805217391304348,2.773478260869564,0.0,0.0,0.0
19,#____________________,1,49,11.971428571428572,2.7759183673469376,0.0,0.0,0.0
29,#______________________________,1,49,12.01938775510204,2.7759183673469376,0.0,0.0,0.0
9,#__________,1,49,17.330408163265304,3.587755102040819,0.6295693877551021,0.3669020408163265,0.3842428571428571
7,#________,1,49,17.8534693877551,4.427551020408166,0.628930612244898,0.3692122448979592,0.383761224489796
17,#__________________,1,49,14.031428571428574,3.356938775510201,0.0,0.0,0.0
27,#____________________________,1,49,11.819795918367346,2.7759183673469376,0.0,0.0,0.0
4,#_____,1,49,21.096326530612245,4.981836734693878,0.6355448979591838,0.5546102040816329,0.49612857142857136
14,#_______________,1,49,15.670816326530613,3.5877551020408185,0.6251877551020409,0.3634122448979591,0.38155306122448995
24,#_________________________,1,49,11.922653061224493,2.7759183673469376,0.0,0.0,0.0
31,##__,2,48,41.471875000000004,11.354375000000003,0.6190583333333334,0.7650604166666666,0.5816416666666668
41,##____________,2,48,20.981458333333332,4.975625,0.6231645833333334,0.5105583333333329,0.4694562499999999
51,##______________________,2,48,13.785208333333337,3.3560416666666644,0.0,0.0,0.0
36,##_______,2,49,25.637346938775515,6.654897959183676,0.6335224489795916,0.7319877551020406,0.5751367346938775
46,##_________________,2,49,18.397551020408162,4.5230612244898,0.0,0.0,0.0
56,##___________________________,2,49,13.934897959183674,3.3563265306122423,0.0,0.0,0.0
35,##______,2,49,27.074285714285704,7.068979591836733,0.629077551020408,0.6756244897959187,0.5498999999999998
45,##________________,2,49,18.161224489795924,4.523877551020412,0.0,0.0,0.0
55,##__________________________,2,49,14.172857142857142,3.356530612244895,0.0,0.0,0.0
33,##____,2,49,31.130408163265308,7.653673469387755,0.6348999999999999,0.6767285714285715,0.553787755102041
43,##______________,2,49,20.7730612244898,4.973061224489796,0.6259918367346939,0.5102081632653064,0.46590816326530626
53,##________________________,2,49,14.255714285714285,3.3567346938775486,0.0,0.0,0.0
32,##___,2,49,34.71387755102041,8.173673469387758,0.6258020408163267,0.7636816326530612,0.5848102040816324
42,##_____________,2,49,20.936734693877554,4.973673469387756,0.6264306122448978,0.5011877551020404,0.4665326530612243
52,##_______________________,2,49,13.721020408163264,3.3569387755102014,0.0,0.0,0.0
38,##_________,2,49,20.76326530612246,4.974897959183673,0.6309102040816326,0.5056571428571431,0.4696959183673469
48,##___________________,2,49,14.121428571428572,3.3575510204081613,0.0,0.0,0.0
58,##_____________________________,2,49,14.045714285714281,3.3573469387755073,0.0,0.0,0.0
30,##_,2,46,47.81086956521739,12.617608695652171,0.6006282608695652,0.7837239130434783,0.5764695652173915
40,##___________,2,46,20.695869565217386,4.979565217391304,0.6096717391304348,0.5195282608695648,0.46521521739130417
50,##_____________________,2,46,14.021304347826085,3.353913043478259,0.0,0.0,0.0
39,##__________,2,49,20.769183673469385,4.974489795918367,0.6329367346938773,0.5108102040816326,0.47229591836734663
49,##____________________,2,49,14.188775510204083,3.3563265306122423,0.0,0.0,0.0
59,##______________________________,2,49,14.003673469387756,3.3563265306122414,0.0,0.0,0.0
37,##________,2,49,23.189183673469383,5.301836734693882,0.6338387755102042,0.7315204081632651,0.5750734693877552
47,##__________________,2,49,16.262040816326532,4.1965306122448975,0.0,0.0,0.0
57,##____________________________,2,49,13.963877551020412,3.357142857142854,0.0,0.0,0.0
34,##_____,2,49,27.08551020408163,7.039183673469386,0.6315857142857142,0.674914285714286,0.5523346938775509
44,##_______________,2,49,19.85244897959184,4.750816326530614,0.6251142857142856,0.3613224489795918,0.37917551020408163
54,##_________________________,2,49,14.137551020408166,3.356530612244895,0.0,0.0,0.0
61,###__,3,48,46.26791666666667,12.434583333333334,0.6146625,0.7829375000000001,0.5866604166666666
71,###____________,3,48,26.97875,7.098541666666666,0.6258145833333334,0.6797562500000002,0.5518124999999998
81,###______________________,3,48,17.62333333333334,4.428750000000002,0.6095583333333332,0.34867916666666665,0.3666770833333335
66,###_______,3,49,29.585306122448987,7.366938775510206,0.6313714285714283,0.7495979591836738,0.5821102040816326
76,###_________________,3,49,20.260408163265307,4.751020408163266,0.6159755102040815,0.34681632653061223,0.3674102040816328
86,###___________________________,3,49,18.32775510204082,4.4273469387755116,0.6159755102040815,0.34681632653061223,0.3674102040816328
65,###______,3,49,33.52551020408164,7.995510204081631,0.6319999999999999,0.7472367346938773,0.5813183673469384
75,###________________,3,49,21.978571428571428,5.075918367346941,0.6159755102040815,0.34681632653061223,0.3674102040816328
85,###__________________________,3,49,17.919387755102044,4.4273469387755116,0.6159755102040815,0.34681632653061223,0.3674102040816328
63,###____,3,49,34.940612244897956,8.576938775510206,0.6277897959183675,0.7508897959183671,0.5820367346938773
73,###______________,3,49,25.725306122448973,6.667142857142853,0.6338693877551019,0.5473551020408163,0.4924938775510203
83,###________________________,3,49,17.71979591836735,4.4273469387755116,0.6159755102040815,0.34681632653061223,0.3674102040816328
62,###___,3,49,42.85510204081633,11.589591836734694,0.6290938775510204,0.7473448979591837,0.580818367346939
72,###_____________,3,49,26.585306122448976,6.90632653061224,0.6323693877551019,0.6324489795918371,0.5323163265306121
82,###_______________________,3,49,17.873673469387757,4.427346938775513,0.6159755102040815,0.34681632653061223,0.3674102040816328
68,###_________,3,49,27.277346938775505,7.073061224489796,0.6334714285714287,0.6785020408163263,0.5541673469387753
78,###___________________,3,49,17.822448979591837,4.428163265306124,0.6159755102040815,0.34681632653061223,0.3674102040816328
88,###_____________________________,3,49,17.83632653061224,4.4279591836734715,0.6159755102040815,0.34681632653061223,0.3674102040816328
60,###_,3,46,53.000434782608686,13.481739130434777,0.5982630434782608,0.7901695652173915,0.577834782608696
70,###___________,3,46,26.957173913043484,7.106086956521739,0.6102913043478262,0.6812739130434785,0.5433760869565216
80,###_____________________,3,46,18.079130434782606,4.427391304347827,0.5956934782608695,0.3517021739130434,0.36396739130434796
69,###__________,3,49,27.076326530612242,7.084081632653059,0.6322163265306121,0.6787979591836737,0.5537285714285712
79,###____________________,3,49,17.961428571428584,4.428367346938778,0.6159755102040815,0.34681632653061223,0.3674102040816328
89,###______________________________,3,49,17.920816326530613,4.427142857142859,0.6159755102040815,0.34681632653061223,0.3674102040816328
67,###________,3,49,27.05244897959183,7.059183673469387,0.6319571428571428,0.6743510204081631,0.5508938775510206
77,###__________________,3,49,17.887551020408157,4.4279591836734715,0.6159755102040815,0.34681632653061223,0.3674102040816328
87,###____________________________,3,49,17.81612244897959,4.427551020408165,0.6159755102040815,0.34681632653061223,0.3674102040816328
64,###_____,3,49,34.83020408163265,8.372040816326535,0.627295918367347,0.7692897959183673,0.588726530612245
74,###_______________,3,49,24.73632653061225,6.429795918367347,0.6159755102040815,0.34681632653061223,0.3674102040816328
84,###_________________________,3,49,17.925510204081625,4.42775510204082,0.6159755102040815,0.34681632653061223,0.3674102040816328
91,####__,4,48,50.180625,13.019583333333335,0.6175229166666668,0.7706812499999997,0.5837895833333332
101,####____________,4,48,31.77041666666666,7.779375000000002,0.6238333333333334,0.6919958333333338,0.5538958333333335
111,####______________________,4,48,20.47854166666667,4.976250000000001,0.613375,0.5027125000000001,0.45722500000000005
96,####_______,4,49,32.336938775510205,8.073673469387751,0.6285244897959185,0.7345387755102042,0.5749346938775513
106,####_________________,4,49,20.786122448979583,4.974081632653062,0.6198857142857143,0.4999122448979593,0.45861020408163267
116,####___________________________,4,49,20.880408163265304,4.9746938775510205,0.6198857142857143,0.4999122448979593,0.45861020408163267
95,####______,4,49,34.37163265306123,8.297551020408168,0.6262183673469389,0.7615795918367348,0.5845040816326528
105,####________________,4,49,22.841836734693878,5.298367346938775,0.6198857142857143,0.4999122448979593,0.45861020408163267
115,####__________________________,4,49,20.762040816326525,4.974285714285714,0.6198857142857143,0.4999122448979593,0.45861020408163267
93,####____,4,49,43.58326530612245,11.671020408163272,0.6249265306122448,0.7764387755102043,0.5906326530612241
103,####______________,4,49,27.52897959183673,6.977142857142857,0.6198857142857143,0.4999122448979593,0.45861020408163267
113,####________________________,4,49,20.41632653061224,4.973673469387755,0.6198857142857143,0.4999122448979593,0.45861020408163267
92,####___,4,49,44.37163265306123,12.115102040816328,0.6222551020408162,0.7823142857142855,0.5920244897959183
102,####_____________,4,49,31.19367346938776,7.554081632653067,0.6326857142857143,0.6317918367346935,0.5321142857142855
112,####_______________________,4,49,20.819183673469393,4.972857142857144,0.6198857142857143,0.4999122448979593,0.45861020408163267
98,####_________,4,49,32.4657142857143,8.15632653061224,0.6285408163265307,0.7398224489795922,0.5777265306122448
108,####___________________,4,49,20.842857142857145,4.973673469387755,0.6198857142857143,0.4999122448979593,0.45861020408163267
118,####_____________________________,4,49,21.62102040816326,4.973877551020408,0.6198857142857143,0.4999122448979593,0.45861020408163267
90,####_,4,46,55.408695652173904,13.808478260869567,0.597445652173913,0.7916891304347827,0.5780586956521738
100,####___________,4,46,32.221304347826084,7.797391304347824,0.6085021739130435,0.7270782608695652,0.5599260869565217
110,####_____________________,4,46,20.796956521739126,4.979782608695653,0.5994608695652174,0.5073108695652175,0.4529021739130435
99,####__________,4,49,32.550612244897955,8.17632653061224,0.6290612244897958,0.7391102040816332,0.5791142857142857
109,####____________________,4,49,21.00755102040816,4.972857142857144,0.6198857142857143,0.4999122448979593,0.45861020408163267
119,####______________________________,4,49,20.659387755102046,4.973469387755102,0.6198857142857143,0.4999122448979593,0.45861020408163267
97,####________,4,49,32.64163265306123,8.12959183673469,0.6290448979591836,0.7361265306122448,0.5770204081632653
107,####__________________,4,49,21.322448979591837,4.974489795918368,0.6198857142857143,0.4999122448979593,0.45861020408163267
117,####____________________________,4,49,20.737755102040815,4.973877551020408,0.6198857142857143,0.4999122448979593,0.45861020408163267
94,####_____,4,49,39.18306122448981,10.884693877551022,0.6270510204081631,0.7582122448979591,0.5833653061224487
104,####_______________,4,49,25.731632653061226,6.653673469387757,0.6198857142857143,0.4999122448979593,0.45861020408163267
114,####_________________________,4,49,20.760612244897967,4.973877551020409,0.6198857142857143,0.4999122448979593,0.45861020408163267
121,#####__,5,48,50.71354166666666,13.158749999999998,0.6143979166666667,0.7875958333333332,0.5887333333333336
131,#####____________,5,48,33.06604166666667,8.069791666666664,0.6258229166666667,0.6825937499999997,0.551947916666667
141,#####______________________,5,48,23.35416666666666,5.519166666666666,0.6168374999999998,0.590770833333333,0.5035666666666669
126,#####_______,5,49,38.01755102040816,8.96469387755102,0.6262530612244899,0.7619408163265305,0.5868428571428574
136,#####_________________,5,49,23.374489795918365,5.51530612244898,0.6233857142857141,0.587555102040816,0.5053836734693881
146,#####___________________________,5,49,23.49571428571429,5.516326530612244,0.6233857142857141,0.587555102040816,0.5053836734693881
125,#####______,5,49,37.59734693877551,8.958571428571435,0.626,0.7595306122448979,0.5847693877551023
135,#####________________,5,49,23.368367346938783,5.517142857142857,0.6233857142857141,0.587555102040816,0.5053836734693881
145,#####__________________________,5,49,23.74,5.515714285714287,0.6233857142857141,0.587555102040816,0.5053836734693881
123,#####____,5,49,45.60591836734693,11.988979591836726,0.6246224489795917,0.7661122448979593,0.5857081632653061
133,#####______________,5,49,28.436530612244905,7.196122448979587,0.6233857142857141,0.587555102040816,0.5053836734693881
143,#####________________________,5,49,23.283265306122445,5.515102040816325,0.6233857142857141,0.587555102040816,0.5053836734693881
122,#####___,5,49,50.389183673469375,13.07591836734694,0.6232938775510203,0.7809979591836738,0.5918632653061222
132,#####_____________,5,49,30.47326530612246,7.520612244897965,0.6233857142857141,0.587555102040816,0.5053836734693881
142,#####_______________________,5,49,23.442448979591834,5.517959183673468,0.6233857142857141,0.587555102040816,0.5053836734693881
128,#####_________,5,49,37.55918367346939,8.947755102040823,0.6271857142857143,0.7551387755102038,0.5852081632653063
138,#####___________________,5,49,23.539795918367346,5.5161224489795915,0.6233857142857141,0.587555102040816,0.5053836734693881
148,#####_____________________________,5,49,23.307755102040815,5.516326530612246,0.6233857142857141,0.587555102040816,0.5053836734693881
120,#####_,5,46,57.79978260869565,14.134999999999998,0.5981978260869565,0.7881782608695653,0.5768826086956523
130,#####___________,5,46,36.045434782608694,8.445652173913047,0.6079739130434783,0.7280978260869565,0.5593826086956524
140,#####_____________________,5,46,23.719565217391306,5.526956521739131,0.6028478260869563,0.596023913043478,0.49824782608695684
129,#####__________,5,49,36.8865306122449,8.843469387755107,0.628030612244898,0.7404632653061223,0.5794653061224488
139,#####____________________,5,49,23.77265306122448,5.515714285714287,0.6233857142857141,0.587555102040816,0.5053836734693881
149,#####______________________________,5,49,23.674897959183667,5.515510204081632,0.6233857142857141,0.587555102040816,0.5053836734693881
127,#####________,5,49,37.837142857142865,8.974897959183668,0.6258755102040815,0.7657510204081633,0.5881367346938777
137,#####__________________,5,49,23.274285714285707,5.516530612244898,0.6233857142857141,0.587555102040816,0.5053836734693881
147,#####____________________________,5,49,23.442857142857136,5.51673469387755,0.6233857142857141,0.587555102040816,0.5053836734693881
124,#####_____,5,49,41.16673469387754,11.34387755102041,0.6242877551020407,0.7698122448979593,0.5877387755102041
134,#####_______________,5,49,26.008163265306123,6.873469387755097,0.6233857142857141,0.587555102040816,0.5053836734693881
144,#####_________________________,5,49,23.385714285714283,5.515714285714287,0.6233857142857141,0.587555102040816,0.5053836734693881
151,######__,6,48,54.800625,13.807708333333336,0.6143000000000001,0.7865729166666667,0.5881083333333335
161,######____________,6,48,32.760416666666664,7.937916666666669,0.6188291666666667,0.6500750000000002,0.5312458333333331
171,######______________________,6,48,26.74833333333334,6.963749999999997,0.6188291666666667,0.6500750000000002,0.5312458333333331
156,######_______,6,49,43.43081632653062,11.99183673469388,0.6243204081632654,0.7732448979591835,0.5905999999999996
166,######_________________,6,49,26.71020408163266,6.958979591836733,0.6254020408163266,0.6465734693877553,0.533351020408163
176,######___________________________,6,49,26.62612244897959,6.961020408163263,0.6254020408163266,0.6465734693877553,0.533351020408163
155,######______,6,49,44.01,12.121224489795916,0.6238081632653061,0.7771938775510203,0.5920530612244899
165,######________________,6,49,26.67122448979591,6.9591836734693855,0.6254020408163266,0.6465734693877553,0.533351020408163
175,######__________________________,6,49,26.586938775510205,6.960204081632652,0.6254020408163266,0.6465734693877553,0.533351020408163
153,######____,6,49,46.10102040816328,12.399795918367353,0.6217816326530611,0.776422448979592,0.5891448979591833
163,######______________,6,49,28.922857142857143,7.2853061224489775,0.6254020408163266,0.6465734693877553,0.533351020408163
173,######________________________,6,49,26.464897959183663,6.958571428571426,0.6254020408163266,0.6465734693877553,0.533351020408163
152,######___,6,49,50.03897959183673,12.987551020408162,0.6228326530612246,0.7720326530612245,0.5876653061224488
162,######_____________,6,49,30.765714285714285,7.609183673469392,0.6254020408163266,0.6465734693877553,0.533351020408163
172,######_______________________,6,49,26.412040816326538,6.9612244897959155,0.6254020408163266,0.6465734693877553,0.533351020408163
158,######_________,6,49,42.1057142857143,11.658775510204087,0.626257142857143,0.7543224489795918,0.5843081632653063
168,######___________________,6,49,26.785306122448976,6.959999999999997,0.6254020408163266,0.6465734693877553,0.533351020408163
178,######_____________________________,6,49,26.596122448979592,6.9612244897959155,0.6254020408163266,0.6465734693877553,0.533351020408163
150,######_,6,46,58.34217391304348,14.144130434782603,0.5978673913043479,0.7927760869565216,0.5787608695652171
160,######___________,6,46,36.18847826086956,8.445652173913047,0.6108217391304348,0.7204913043478258,0.5577608695652174
170,######_____________________,6,46,27.047826086956523,6.973913043478259,0.604808695652174,0.6558086956521741,0.5252999999999998
159,######__________,6,49,39.930612244897965,11.208979591836735,0.6284469387755102,0.7397734693877552,0.578559183673469
169,######____________________,6,49,26.991224489795922,6.9585714285714255,0.6254020408163266,0.6465734693877553,0.533351020408163
179,######______________________________,6,49,26.44102040816327,6.959795918367344,0.6254020408163266,0.6465734693877553,0.533351020408163
157,######________,6,49,43.140816326530626,11.691224489795925,0.6252183673469388,0.7651591836734692,0.5882632653061226
167,######__________________,6,49,26.293469387755103,6.9608163265306064,0.6254020408163266,0.6465734693877553,0.533351020408163
177,######____________________________,6,49,26.803877551020403,6.96081632653061,0.6254020408163266,0.6465734693877553,0.533351020408163
154,######_____,6,49,43.89551020408163,12.107755102040814,0.6232979591836735,0.773583673469388,0.589295918367347
164,######_______________,6,49,26.507346938775502,6.958163265306121,0.6254020408163266,0.6465734693877553,0.533351020408163
174,######_________________________,6,49,26.725714285714275,6.9606122448979555,0.6254020408163266,0.6465734693877553,0.533351020408163
181,#######__,7,48,55.304166666666646,13.80333333333334,0.6138875,0.7799562500000002,0.5849062500000003
191,#######____________,7,48,33.80562499999999,8.115208333333328,0.6197437499999999,0.6890541666666664,0.5473624999999998
201,#######______________________,7,48,29.333125000000006,7.467083333333334,0.6197437499999999,0.6890541666666664,0.5473624999999998
186,#######_______,7,49,47.73122448979592,12.635102040816324,0.6243693877551019,0.7735000000000001,0.5906102040816326
196,#######_________________,7,49,29.06775510204082,7.464081632653063,0.6263755102040817,0.6853979591836733,0.5497081632653058
206,#######___________________________,7,49,29.278571428571425,7.465102040816327,0.6263755102040817,0.6853979591836733,0.5497081632653058
185,#######______,7,49,47.94938775510205,12.775510204081629,0.6232816326530612,0.7777489795918365,0.5918489795918366
195,#######________________,7,49,29.336734693877553,7.463877551020409,0.6263755102040817,0.6853979591836733,0.5497081632653058
205,#######__________________________,7,49,29.156530612244904,7.462857142857143,0.6263755102040817,0.6853979591836733,0.5497081632653058
183,#######____,7,49,49.133877551020404,12.831224489795922,0.6216673469387756,0.7829367346938776,0.5924632653061226
193,#######______________,7,49,29.54061224489796,7.462857142857142,0.6263755102040817,0.6853979591836733,0.5497081632653058
203,#######________________________,7,49,29.25081632653061,7.463265306122449,0.6263755102040817,0.6853979591836733,0.5497081632653058
182,#######___,7,49,50.566122448979606,13.153673469387757,0.619834693877551,0.7821551020408166,0.5903040816326532
192,#######_____________,7,49,31.158571428571438,7.789183673469386,0.6263755102040817,0.6853979591836733,0.5497081632653058
202,#######_______________________,7,49,29.233673469387757,7.463673469387755,0.6263755102040817,0.6853979591836733,0.5497081632653058
188,#######_________,7,49,42.59755102040816,11.640816326530619,0.6279224489795918,0.7544428571428573,0.5841326530612242
198,#######___________________,7,49,29.171428571428574,7.463673469387755,0.6263755102040817,0.6853979591836733,0.5497081632653058
208,#######_____________________________,7,49,28.816938775510202,7.4630612244897945,0.6263755102040817,0.6853979591836733,0.5497081632653058
180,#######_,7,46,60.52391304347826,14.46630434782609,0.5976760869565219,0.7922608695652176,0.5782934782608699
190,#######___________,7,46,36.01217391304347,8.4404347826087,0.6056065217391304,0.6950543478260868,0.5409130434782606
200,#######_____________________,7,46,29.66391304347826,7.468695652173913,0.6056065217391304,0.6950543478260868,0.5409130434782606
189,#######__________,7,49,39.42061224489795,10.903673469387757,0.6318836734693877,0.7348428571428574,0.5769183673469391
199,#######____________________,7,49,29.310612244897964,7.46326530612245,0.6263755102040817,0.6853979591836733,0.5497081632653058
209,#######______________________________,7,49,29.29102040816326,7.462244897959184,0.6263755102040817,0.6853979591836733,0.5497081632653058
187,#######________,7,49,44.64816326530612,12.008163265306122,0.6254653061224489,0.7656244897959187,0.587922448979592
197,#######__________________,7,49,29.119795918367355,7.464081632653062,0.6263755102040817,0.6853979591836733,0.5497081632653058
207,#######____________________________,7,49,29.178367346938774,7.463673469387755,0.6263755102040817,0.6853979591836733,0.5497081632653058
184,#######_____,7,49,48.93367346938775,12.817959183673473,0.6227224489795917,0.7806755102040815,0.5927795918367343
194,#######_______________,7,49,29.193877551020393,7.4636734693877544,0.6263755102040817,0.6853979591836733,0.5497081632653058
204,#######_________________________,7,49,29.188367346938772,7.463469387755103,0.6263755102040817,0.6853979591836733,0.5497081632653058
211,########__,8,48,55.72750000000001,13.820833333333338,0.6121458333333333,0.7898333333333335,0.5884750000000002
221,########____________,8,48,34.11520833333333,8.122916666666672,0.6199937499999999,0.7140437500000001,0.5577708333333337
231,########______________________,8,48,31.46666666666667,7.798749999999997,0.6199937499999999,0.7140437500000001,0.5577708333333337
216,########_______,8,49,47.35,12.579387755102038,0.6246632653061224,0.7715612244897959,0.5899387755102039
226,########_________________,8,49,32.067959183673466,7.800816326530609,0.6266632653061224,0.7103653061224491,0.5603204081632656
236,########___________________________,8,49,31.659999999999997,7.800204081632649,0.6266632653061224,0.7103653061224491,0.5603204081632656
215,########______,8,49,50.41408163265307,13.095918367346941,0.6235918367346939,0.7774816326530614,0.5918510204081631
225,########________________,8,49,31.665714285714287,7.800816326530609,0.6266632653061224,0.7103653061224491,0.5603204081632656
235,########__________________________,8,49,31.52142857142858,7.799999999999996,0.6266632653061224,0.7103653061224491,0.5603204081632656
213,########____,8,49,53.124081632653066,13.481020408163262,0.6222142857142855,0.7828918367346935,0.593469387755102
223,########______________,8,49,31.94999999999999,7.800408163265302,0.6266632653061224,0.7103653061224491,0.5603204081632656
233,########________________________,8,49,31.947959183673472,7.800612244897956,0.6266632653061224,0.7103653061224491,0.5603204081632656
212,########___,8,49,53.096122448979614,13.485306122448975,0.6212489795918369,0.7845326530612244,0.5928877551020407
222,########_____________,8,49,31.901020408163262,7.800612244897955,0.6266632653061224,0.7103653061224491,0.5603204081632656
232,########_______________________,8,49,32.00326530612246,7.799591836734689,0.6266632653061224,0.7103653061224491,0.5603204081632656
218,########_________,8,49,42.41938775510204,11.58183673469388,0.6308163265306121,0.7477367346938778,0.5818408163265306
228,########___________________,8,49,31.64755102040817,7.800612244897955,0.6266632653061224,0.7103653061224491,0.5603204081632656
238,########_____________________________,8,49,31.36673469387755,7.799591836734691,0.6266632653061224,0.7103653061224491,0.5603204081632656
210,########_,8,46,59.6682608695652,14.467173913043483,0.5975065217391305,0.7888608695652171,0.5766760869565218
220,########___________,8,46,35.763913043478254,8.445869565217395,0.6057652173913042,0.7200847826086958,0.5509217391304351
230,########_____________________,8,46,31.47086956521739,7.797826086956518,0.6057652173913042,0.7200847826086958,0.5509217391304351
219,########__________,8,49,38.907346938775504,10.83510204081633,0.6266632653061224,0.7103653061224491,0.5603204081632656
229,########____________________,8,49,31.311224489795922,7.800612244897954,0.6266632653061224,0.7103653061224491,0.5603204081632656
239,########______________________________,8,49,31.61775510204082,7.800204081632648,0.6266632653061224,0.7103653061224491,0.5603204081632656
217,########________,8,49,45.04530612244898,11.993877551020402,0.6268387755102042,0.7631530612244898,0.5870204081632652
227,########__________________,8,49,31.736326530612242,7.800408163265301,0.6266632653061224,0.7103653061224491,0.5603204081632656
237,########____________________________,8,49,31.32897959183674,7.799387755102038,0.6266632653061224,0.7103653061224491,0.5603204081632656
214,########_____,8,49,53.03020408163266,13.464897959183677,0.6227061224489796,0.7807999999999998,0.5928367346938774
224,########_______________,8,49,31.888775510204084,7.799795918367343,0.6266632653061224,0.7103653061224491,0.5603204081632656
234,########_________________________,8,49,31.661020408163267,7.798979591836732,0.6266632653061224,0.7103653061224491,0.5603204081632656
241,#########__,9,48,57.78187500000001,14.145624999999995,0.6132125,0.78785625,0.5884145833333336
251,#########____________,9,48,34.36895833333333,8.38875,0.6198541666666666,0.7293958333333331,0.5643437499999998
261,#########______________________,9,48,34.04416666666668,8.391458333333334,0.6198541666666666,0.7293958333333331,0.5643437499999998
246,#########_______,9,49,47.891632653061215,12.4504081632653,0.6254530612244897,0.7689224489795915,0.5884938775510202
256,#########_________________,9,49,34.03632653061224,8.382244897959183,0.6265816326530612,0.7257938775510202,0.5670897959183672
266,#########___________________________,9,49,34.09020408163266,8.382448979591842,0.6265816326530612,0.7257938775510202,0.5670897959183672
245,#########______,9,49,50.27285714285714,13.078979591836735,0.6235163265306123,0.7759265306122444,0.5908326530612247
255,#########________________,9,49,34.79877551020408,8.385510204081635,0.6265816326530612,0.7257938775510202,0.5670897959183672
265,#########__________________________,9,49,33.93285714285715,8.382244897959179,0.6265816326530612,0.7257938775510202,0.5670897959183672
243,#########____,9,49,55.84612244897957,13.805510204081633,0.6216163265306123,0.7827408163265305,0.592783673469388
253,#########______________,9,49,34.139387755102035,8.384081632653066,0.6265816326530612,0.7257938775510202,0.5670897959183672
263,#########________________________,9,49,34.52469387755103,8.384489795918372,0.6265816326530612,0.7257938775510202,0.5670897959183672
242,#########___,9,49,57.9226530612245,14.135102040816323,0.6211387755102041,0.7841959183673471,0.5931000000000001
252,#########_____________,9,49,34.267142857142844,8.379591836734695,0.6265816326530612,0.7257938775510202,0.5670897959183672
262,#########_______________________,9,49,34.05673469387756,8.38204081632653,0.6265816326530612,0.7257938775510202,0.5670897959183672
248,#########_________,9,49,41.53897959183672,11.421632653061225,0.6265816326530612,0.7257938775510202,0.5670897959183672
258,#########___________________,9,49,33.934081632653054,8.382653061224493,0.6265816326530612,0.7257938775510202,0.5670897959183672
268,#########_____________________________,9,49,34.110408163265305,8.38244897959184,0.6265816326530612,0.7257938775510202,0.5670897959183672
240,#########_,9,46,61.00326086956523,14.483695652173918,0.5964956521739129,0.7936608695652173,0.5783282608695653
250,#########___________,9,46,36.0745652173913,8.724347826086962,0.6055065217391303,0.735282608695652,0.5571173913043477
260,#########_____________________,9,46,34.251304347826085,8.39717391304348,0.6055065217391303,0.735282608695652,0.5571173913043477
249,#########__________,9,49,39.44714285714286,11.094285714285716,0.6265816326530612,0.7257938775510202,0.5670897959183672
259,#########____________________,9,49,34.1069387755102,8.381632653061226,0.6265816326530612,0.7257938775510202,0.5670897959183672
269,#########______________________________,9,49,33.844081632653065,8.382448979591839,0.6265816326530612,0.7257938775510202,0.5670897959183672
247,#########________,9,49,44.83367346938776,11.98326530612244,0.6295000000000001,0.7561795918367348,0.5848387755102045
257,#########__________________,9,49,34.575102040816326,8.38204081632653,0.6265816326530612,0.7257938775510202,0.5670897959183672
267,#########____________________________,9,49,34.49183673469388,8.383877551020413,0.6265816326530612,0.7257938775510202,0.5670897959183672
244,#########_____,9,49,52.97102040816326,13.462857142857148,0.6225530612244897,0.7803346938775509,0.5922306122448981
254,#########_______________,9,49,34.44244897959184,8.38387755102041,0.6265816326530612,0.7257938775510202,0.5670897959183672
264,#########_________________________,9,49,34.07122448979592,8.387551020408164,0.6265816326530612,0.7257938775510202,0.5670897959183672
271,##########__,10,48,60.26125,14.467500000000001,0.6137416666666667,0.7872395833333335,0.5888916666666669
281,##########____________,10,48,37.10249999999999,8.895000000000008,0.6191,0.7398708333333336,0.5687729166666665
291,##########______________________,10,48,36.849375,8.895625000000008,0.6191,0.7398708333333336,0.5687729166666665
276,##########_______,10,49,47.356530612244896,12.378979591836728,0.6283755102040814,0.761857142857143,0.5866244897959186
286,##########_________________,10,49,36.66081632653062,8.887959183673477,0.6258816326530612,0.7363693877551023,0.5716877551020407
296,##########___________________________,10,49,37.03571428571428,8.887755102040824,0.6258816326530612,0.7363693877551023,0.5716877551020407
275,##########______,10,49,50.56326530612244,13.031836734693883,0.6245612244897959,0.7724938775510202,0.5893408163265307
285,##########________________,10,49,36.90448979591836,8.888367346938784,0.6258816326530612,0.7363693877551023,0.5716877551020407
295,##########__________________________,10,49,37.09510204081632,8.889795918367355,0.6258816326530612,0.7363693877551023,0.5716877551020407
273,##########____,10,49,55.42612244897959,13.806938775510206,0.6221571428571429,0.781842857142857,0.5924918367346939
283,##########______________,10,49,36.9738775510204,8.888367346938784,0.6258816326530612,0.7363693877551023,0.5716877551020407
293,##########________________________,10,49,37.19612244897958,8.887755102040826,0.6258816326530612,0.7363693877551023,0.5716877551020407
272,##########___,10,49,57.0965306122449,14.135918367346934,0.6213734693877551,0.7837061224489793,0.5928693877551022
282,##########_____________,10,49,36.66693877551021,8.888367346938784,0.6258816326530612,0.7363693877551023,0.5716877551020407
292,##########_______________________,10,49,36.84367346938776,8.887346938775519,0.6258816326530612,0.7363693877551023,0.5716877551020407
278,##########_________,10,49,41.916530612244905,11.599183673469392,0.6258816326530612,0.7363693877551023,0.5716877551020407
288,##########___________________,10,49,36.357346938775514,8.891020408163273,0.6258816326530612,0.7363693877551023,0.5716877551020407
298,##########_____________________________,10,49,37.01836734693878,8.888775510204091,0.6258816326530612,0.7363693877551023,0.5716877551020407
270,##########_,10,46,62.25021739130433,14.805217391304351,0.5980086956521738,0.7918282608695651,0.5786521739130434
280,##########___________,10,46,36.39804347826088,8.915434782608704,0.6046413043478261,0.7455565217391306,0.5612217391304347
290,##########_____________________,10,46,37.008913043478266,8.91500000000001,0.6046413043478261,0.7455565217391306,0.5612217391304347
279,##########__________,10,49,39.993265306122446,11.27448979591837,0.6258816326530612,0.7363693877551023,0.5716877551020407
289,##########____________________,10,49,36.69510204081632,8.886326530612253,0.6258816326530612,0.7363693877551023,0.5716877551020407
299,##########______________________________,10,49,36.777346938775516,8.889591836734702,0.6258816326530612,0.7363693877551023,0.5716877551020407
277,##########________,10,49,44.199999999999996,11.92306122448979,0.6258816326530612,0.7363693877551023,0.5716877551020407
287,##########__________________,10,49,36.50469387755101,8.889183673469395,0.6258816326530612,0.7363693877551023,0.5716877551020407
297,##########____________________________,10,49,36.74448979591837,8.889795918367357,0.6258816326530612,0.7363693877551023,0.5716877551020407
274,##########_____,10,49,52.55142857142855,13.455918367346946,0.6228142857142857,0.7782122448979591,0.5912061224489795
284,##########_______________,10,49,36.930612244897965,8.888367346938782,0.6258816326530612,0.7363693877551023,0.5716877551020407
294,##########_________________________,10,49,36.415714285714294,8.887551020408173,0.6258816326530612,0.7363693877551023,0.5716877551020407
301,###########__,11,48,60.07854166666667,14.467500000000001,0.6122729166666665,0.789664583333333,0.5885583333333333
311,###########____________,11,47,40.7895744680851,11.414255319148939,0.6085148936170212,0.7655425531914894,0.5735489361702131
321,###########______________________,11,47,40.85489361702129,11.414468085106384,0.6085148936170212,0.7655425531914894,0.5735489361702131
306,###########_______,11,49,46.651020408163255,12.366938775510205,0.6225714285714284,0.7592551020408165,0.580544897959184
316,###########_________________,11,49,40.63714285714287,11.393877551020404,0.6225714285714284,0.7592551020408165,0.580544897959184
326,###########___________________________,11,49,40.691020408163276,11.395102040816326,0.6225714285714284,0.7592551020408165,0.580544897959184
305,###########______,11,49,50.17530612244897,12.850816326530607,0.6247938775510203,0.7747816326530612,0.5900510204081634
315,###########________________,11,49,40.58489795918368,11.395102040816326,0.6225714285714284,0.7592551020408165,0.580544897959184
325,###########__________________________,11,49,40.875918367346934,11.39469387755102,0.6225714285714284,0.7592551020408165,0.580544897959184
303,###########____,11,49,55.72571428571428,13.803673469387762,0.6205795918367345,0.7848653061224488,0.5922918367346935
313,###########______________,11,49,41.173673469387765,11.39448979591836,0.6225714285714284,0.7592551020408165,0.580544897959184
323,###########________________________,11,49,41.368571428571435,11.395102040816326,0.6225714285714284,0.7592551020408165,0.580544897959184
302,###########___,11,49,57.74755102040815,14.134693877551015,0.6200183673469387,0.7865612244897959,0.5927367346938777
312,###########_____________,11,49,40.59673469387754,11.39469387755102,0.6225714285714284,0.7592551020408165,0.580544897959184
322,###########_______________________,11,49,40.16816326530612,11.39551020408163,0.6225714285714284,0.7592551020408165,0.580544897959184
308,###########_________,11,49,42.81,11.717551020408171,0.6225714285714284,0.7592551020408165,0.580544897959184
318,###########___________________,11,49,40.38897959183674,11.395918367346937,0.6225714285714284,0.7592551020408165,0.580544897959184
328,###########_____________________________,11,49,41.118775510204074,11.396530612244902,0.6225714285714284,0.7592551020408165,0.580544897959184
300,###########_,11,46,62.45847826086956,14.804347826086962,0.5966586956521737,0.793578260869565,0.5784934782608697
310,###########___________,11,46,40.96326086956524,11.42608695652174,0.6010434782608695,0.7676326086956522,0.5689282608695655
320,###########_____________________,11,46,40.68499999999999,11.424782608695654,0.6010434782608695,0.7676326086956522,0.5689282608695655
309,###########__________,11,49,40.46142857142858,11.395306122448977,0.6225714285714284,0.7592551020408165,0.580544897959184
319,###########____________________,11,49,40.48061224489797,11.395306122448977,0.6225714285714284,0.7592551020408165,0.580544897959184
329,###########______________________________,11,49,40.44040816326531,11.393877551020408,0.6225714285714284,0.7592551020408165,0.580544897959184
307,###########________,11,49,45.13959183673469,12.04142857142857,0.6225714285714284,0.7592551020408165,0.580544897959184
317,###########__________________,11,49,40.69326530612245,11.393877551020404,0.6225714285714284,0.7592551020408165,0.580544897959184
327,###########____________________________,11,49,40.776530612244905,11.391836734693872,0.6225714285714284,0.7592551020408165,0.580544897959184
304,###########_____,11,49,53.14306122448979,13.443469387755114,0.6219,0.781604081632653,0.5914979591836736
314,###########_______________,11,49,40.97081632653061,11.393469387755099,0.6225714285714284,0.7592551020408165,0.580544897959184
324,###########_________________________,11,49,40.778367346938765,11.396122448979597,0.6225714285714284,0.7592551020408165,0.580544897959184
331,############__,12,47,59.61765957446807,14.467872340425533,0.6054553191489362,0.7912468085106387,0.5839723404255317
341,############____________,12,47,43.118085106382985,11.781702127659573,0.6091808510638297,0.7672276595744683,0.5747297872340422
351,############______________________,12,47,42.87574468085106,11.776808510638295,0.6091808510638297,0.7672276595744683,0.5747297872340422
336,############_______,12,49,47.37469387755101,12.402857142857144,0.6233061224489794,0.7610775510204083,0.5818591836734691
346,############_________________,12,49,42.848775510204085,11.757551020408163,0.6233061224489794,0.7610775510204083,0.5818591836734691
356,############___________________________,12,49,43.99775510204082,11.756734693877547,0.6233061224489794,0.7610775510204083,0.5818591836734691
335,############______,12,49,49.75346938775511,12.727755102040813,0.6233061224489794,0.7610775510204083,0.5818591836734691
345,############________________,12,49,43.24775510204082,11.753469387755102,0.6233061224489794,0.7610775510204083,0.5818591836734691
355,############__________________________,12,49,43.18265306122449,11.75326530612245,0.6233061224489794,0.7610775510204083,0.5818591836734691
333,############____,12,49,55.129591836734704,13.79897959183674,0.6219183673469388,0.7821244897959185,0.5915591836734695
343,############______________,12,49,43.0404081632653,11.759183673469389,0.6233061224489794,0.7610775510204083,0.5818591836734691
353,############________________________,12,49,43.527346938775516,11.75551020408163,0.6233061224489794,0.7610775510204083,0.5818591836734691
332,############___,12,49,57.576734693877555,14.133265306122444,0.6206632653061226,0.7850551020408167,0.5921877551020408
342,############_____________,12,49,42.72653061224489,11.755714285714284,0.6233061224489794,0.7610775510204083,0.5818591836734691
352,############_______________________,12,49,43.3495918367347,11.755306122448976,0.6233061224489794,0.7610775510204083,0.5818591836734691
338,############_________,12,49,43.00816326530612,11.75081632653061,0.6233061224489794,0.7610775510204083,0.5818591836734691
348,############___________________,12,49,43.15,11.753673469387754,0.6233061224489794,0.7610775510204083,0.5818591836734691
358,############_____________________________,12,49,43.344897959183655,11.756530612244896,0.6233061224489794,0.7610775510204083,0.5818591836734691
330,############_,12,46,62.17173913043479,14.80652173913044,0.5971065217391306,0.7933391304347827,0.578513043478261
340,############___________,12,46,43.36304347826087,11.791521739130435,0.6016717391304347,0.7692608695652176,0.5700521739130432
350,############_____________________,12,46,42.728913043478244,11.787173913043475,0.6016717391304347,0.7692608695652176,0.5700521739130432
339,############__________,12,49,43.08020408163265,11.754489795918364,0.6233061224489794,0.7610775510204083,0.5818591836734691
349,############____________________,12,49,42.86816326530612,11.756326530612244,0.6233061224489794,0.7610775510204083,0.5818591836734691
359,############______________________________,12,49,43.068163265306126,11.75204081632653,0.6233061224489794,0.7610775510204083,0.5818591836734691
337,############________,12,49,45.580408163265304,12.078775510204082,0.6233061224489794,0.7610775510204083,0.5818591836734691
347,############__________________,12,49,43.58469387755103,11.751428571428571,0.6233061224489794,0.7610775510204083,0.5818591836734691
357,############____________________________,12,49,43.250612244897944,11.755306122448983,0.6233061224489794,0.7610775510204083,0.5818591836734691
334,############_____,12,49,52.94163265306121,13.415714285714285,0.6246836734693878,0.7758183673469391,0.5902959183673467
344,############_______________,12,49,43.50326530612246,11.75530612244898,0.6233061224489794,0.7610775510204083,0.5818591836734691
354,############_________________________,12,49,43.17285714285714,11.757142857142854,0.6233061224489794,0.7610775510204083,0.5818591836734691
361,#############__,13,47,60.11744680851065,14.468085106382981,0.6054978723404256,0.7904425531914896,0.5835148936170215
371,#############____________,13,47,45.97595744680851,12.38404255319149,0.6089425531914893,0.7705446808510642,0.5760936170212769
381,#############______________________,13,47,45.8968085106383,12.384893617021277,0.6089425531914893,0.7705446808510642,0.5760936170212769
366,#############_______,13,49,47.721224489795915,12.675510204081629,0.6231530612244898,0.7645816326530616,0.5834265306122453
376,#############_________________,13,49,45.41142857142858,12.354489795918367,0.6231530612244898,0.7645816326530616,0.5834265306122453
386,#############___________________________,13,49,45.05530612244898,12.356326530612249,0.6231530612244898,0.7645816326530616,0.5834265306122453
365,#############______,13,49,49.55816326530612,13.004285714285711,0.6231530612244898,0.7645816326530616,0.5834265306122453
375,#############________________,13,49,45.10061224489797,12.35285714285714,0.6231530612244898,0.7645816326530616,0.5834265306122453
385,#############__________________________,13,49,45.326326530612256,12.350612244897963,0.6231530612244898,0.7645816326530616,0.5834265306122453
363,#############____,13,49,54.68142857142855,13.785306122448977,0.6238367346938776,0.7777857142857139,0.590716326530612
373,#############______________,13,49,45.171428571428564,12.355714285714287,0.6231530612244898,0.7645816326530616,0.5834265306122453
383,#############________________________,13,49,45.70306122448977,12.34775510204082,0.6231530612244898,0.7645816326530616,0.5834265306122453
362,#############___,13,49,57.33673469387757,14.134081632653057,0.6214020408163266,0.7832551020408159,0.5917530612244901
372,#############_____________,13,49,45.24061224489797,12.353469387755101,0.6231530612244898,0.7645816326530616,0.5834265306122453
382,#############_______________________,13,49,45.57306122448979,12.346530612244903,0.6231530612244898,0.7645816326530616,0.5834265306122453
368,#############_________,13,49,45.41979591836735,12.352857142857145,0.6231530612244898,0.7645816326530616,0.5834265306122453
378,#############___________________,13,49,45.6565306122449,12.356530612244894,0.6231530612244898,0.7645816326530616,0.5834265306122453
388,#############_____________________________,13,49,45.05755102040817,12.351428571428572,0.6231530612244898,0.7645816326530616,0.5834265306122453
360,#############_,13,46,62.14434782608696,14.803695652173918,0.5972500000000001,0.7929652173913044,0.5784347826086959
370,#############___________,13,46,45.33108695652174,12.393478260869562,0.6013891304347826,0.7724934782608699,0.5713239130434785
380,#############_____________________,13,46,45.43282608695652,12.393260869565218,0.6013891304347826,0.7724934782608699,0.5713239130434785
369,#############__________,13,49,45.64244897959184,12.354897959183676,0.6231530612244898,0.7645816326530616,0.5834265306122453
379,#############____________________,13,49,45.60877551020408,12.353877551020409,0.6231530612244898,0.7645816326530616,0.5834265306122453
389,#############______________________________,13,49,45.083673469387755,12.35326530612245,0.6231530612244898,0.7645816326530616,0.5834265306122453
367,#############________,13,49,45.624285714285726,12.353469387755101,0.6231530612244898,0.7645816326530616,0.5834265306122453
377,#############__________________,13,49,45.76040816326529,12.354693877551023,0.6231530612244898,0.7645816326530616,0.5834265306122453
387,#############____________________________,13,49,45.38183673469385,12.35142857142857,0.6231530612244898,0.7645816326530616,0.5834265306122453
364,#############_____,13,49,51.8591836734694,13.327959183673473,0.6231530612244898,0.7645816326530616,0.5834265306122453
374,#############_______________,13,49,45.5834693877551,12.351632653061227,0.6231530612244898,0.7645816326530616,0.5834265306122453
384,#############_________________________,13,49,45.763469387755116,12.350204081632654,0.6231530612244898,0.7645816326530616,0.5834265306122453
391,##############__,14,47,60.734468085106386,14.46808510638298,0.6060425531914894,0.7895553191489358,0.5834893617021278
401,##############____________,14,47,48.16000000000001,12.817659574468081,0.6080127659574469,0.7745021276595745,0.5774085106382982
411,##############______________________,14,47,48.47787234042552,12.817234042553196,0.6080127659574469,0.7745021276595745,0.5774085106382982
396,##############_______,14,49,48.16999999999999,12.79142857142857,0.6223081632653062,0.7687755102040819,0.5849938775510207
406,##############_________________,14,49,47.67,12.7930612244898,0.6223081632653062,0.7687755102040819,0.5849938775510207
416,##############___________________________,14,49,48.59653061224488,12.791632653061228,0.6223081632653062,0.7687755102040819,0.5849938775510207
395,##############______,14,49,50.14979591836735,13.118163265306114,0.6223081632653062,0.7687755102040819,0.5849938775510207
405,##############________________,14,49,48.25877551020409,12.794081632653064,0.6223081632653062,0.7687755102040819,0.5849938775510207
415,##############__________________________,14,49,48.034081632653056,12.7930612244898,0.6223081632653062,0.7687755102040819,0.5849938775510207
393,##############____,14,49,54.85999999999998,13.764489795918358,0.6223081632653062,0.7687755102040819,0.5849938775510207
403,##############______________,14,49,47.796530612244894,12.792244897959186,0.6223081632653062,0.7687755102040819,0.5849938775510207
413,##############________________________,14,49,48.3834693877551,12.790816326530612,0.6223081632653062,0.7687755102040819,0.5849938775510207
392,##############___,14,48,57.838541666666636,14.134166666666664,0.6156104166666666,0.7827208333333329,0.5872333333333333
402,##############_____________,14,48,48.09166666666667,12.80625,0.6153041666666668,0.7717062500000001,0.5813708333333337
412,##############_______________________,14,48,48.33895833333332,12.806249999999999,0.6153041666666668,0.7717062500000001,0.5813708333333337
398,##############_________,14,49,47.988163265306106,12.791632653061228,0.6223081632653062,0.7687755102040819,0.5849938775510207
408,##############___________________,14,49,47.70122448979594,12.79551020408163,0.6223081632653062,0.7687755102040819,0.5849938775510207
418,##############_____________________________,14,49,47.72693877551021,12.79224489795919,0.6223081632653062,0.7687755102040819,0.5849938775510207
390,##############_,14,46,61.57434782608696,14.806956521739133,0.5971282608695655,0.7926760869565218,0.5781391304347825
400,##############___________,14,45,47.61355555555555,12.817777777777776,0.5924888888888891,0.7783,0.5674555555555558
410,##############_____________________,14,45,48.08088888888889,12.817333333333332,0.5924888888888891,0.7783,0.5674555555555558
399,##############__________,14,49,47.81653061224489,12.793877551020412,0.6223081632653062,0.7687755102040819,0.5849938775510207
409,##############____________________,14,49,47.476530612244915,12.793061224489799,0.6223081632653062,0.7687755102040819,0.5849938775510207
419,##############______________________________,14,49,47.981224489795935,12.792653061224494,0.6223081632653062,0.7687755102040819,0.5849938775510207
397,##############________,14,49,47.95408163265304,12.792040816326532,0.6223081632653062,0.7687755102040819,0.5849938775510207
407,##############__________________,14,49,48.05142857142857,12.794693877551026,0.6223081632653062,0.7687755102040819,0.5849938775510207
417,##############____________________________,14,49,48.21387755102041,12.793673469387755,0.6223081632653062,0.7687755102040819,0.5849938775510207
394,##############_____,14,49,52.61653061224489,13.43877551020409,0.6223081632653062,0.7687755102040819,0.5849938775510207
404,##############_______________,14,49,48.31102040816325,12.792653061224488,0.6223081632653062,0.7687755102040819,0.5849938775510207
414,##############_________________________,14,49,48.384081632653064,12.792040816326526,0.6223081632653062,0.7687755102040819,0.5849938775510207
421,###############__,15,47,59.846170212765955,14.465744680851065,0.6071468085106383,0.7875382978723405,0.5833680851063827
431,###############____________,15,47,50.8495744680851,13.15744680851064,0.6077382978723406,0.7781702127659575,0.5791936170212768
441,###############______________________,15,47,50.92361702127659,13.16127659574468,0.6077382978723406,0.7781702127659575,0.5791936170212768
426,###############_______,15,49,50.82163265306123,13.154285714285708,0.6221244897959185,0.7727122448979592,0.5870306122448982
436,###############_________________,15,49,50.77857142857142,13.156122448979593,0.6221244897959185,0.7727122448979592,0.5870306122448982
446,###############___________________________,15,49,50.45959183673471,13.154285714285713,0.6221244897959185,0.7727122448979592,0.5870306122448982
425,###############______,15,49,50.632448979591814,13.15489795918367,0.6221244897959185,0.7727122448979592,0.5870306122448982
435,###############________________,15,49,50.89877551020408,13.154285714285711,0.6221244897959185,0.7727122448979592,0.5870306122448982
445,###############__________________________,15,49,50.8726530612245,13.153469387755099,0.6221244897959185,0.7727122448979592,0.5870306122448982
423,###############____,15,49,55.0777551020408,13.804285714285719,0.6221244897959185,0.7727122448979592,0.5870306122448982
433,###############______________,15,49,50.263877551020414,13.157142857142858,0.6221244897959185,0.7727122448979592,0.5870306122448982
443,###############________________________,15,49,50.6242857142857,13.150816326530615,0.6221244897959185,0.7727122448979592,0.5870306122448982
422,###############___,15,48,58.55645833333335,14.129999999999994,0.6150770833333334,0.7755083333333334,0.5832812500000002
432,###############_____________,15,48,50.59208333333333,13.157083333333327,0.6150770833333334,0.7755083333333334,0.5832812500000002
442,###############_______________________,15,48,50.927291666666655,13.156666666666665,0.6150770833333334,0.7755083333333334,0.5832812500000002
428,###############_________,15,49,50.736938775510176,13.157142857142858,0.6221244897959185,0.7727122448979592,0.5870306122448982
438,###############___________________,15,49,50.51367346938774,13.155510204081631,0.6221244897959185,0.7727122448979592,0.5870306122448982
448,###############_____________________________,15,49,50.7730612244898,13.153265306122446,0.6221244897959185,0.7727122448979592,0.5870306122448982
420,###############_,15,45,61.85533333333334,14.801555555555554,0.5895377777777779,0.793851111111111,0.5728533333333333
430,###############___________,15,45,50.22622222222222,13.158888888888889,0.5921422222222223,0.7817466666666667,0.5690400000000001
440,###############_____________________,15,45,50.73733333333333,13.157333333333332,0.5921422222222223,0.7817466666666667,0.5690400000000001
429,###############__________,15,49,50.21938775510205,13.154693877551018,0.6221244897959185,0.7727122448979592,0.5870306122448982
439,###############____________________,15,49,50.08510204081633,13.154897959183677,0.6221244897959185,0.7727122448979592,0.5870306122448982
449,###############______________________________,15,49,50.552653061224476,13.153469387755104,0.6221244897959185,0.7727122448979592,0.5870306122448982
427,###############________,15,49,50.84877551020408,13.153469387755102,0.6221244897959185,0.7727122448979592,0.5870306122448982
437,###############__________________,15,49,50.42653061224489,13.155102040816324,0.6221244897959185,0.7727122448979592,0.5870306122448982
447,###############____________________________,15,49,50.09918367346938,13.154693877551018,0.6221244897959185,0.7727122448979592,0.5870306122448982
424,###############_____,15,49,53.599795918367356,13.476326530612242,0.6221244897959185,0.7727122448979592,0.5870306122448982
434,###############_______________,15,49,50.89040816326533,13.156938775510207,0.6221244897959185,0.7727122448979592,0.5870306122448982
444,###############_________________________,15,49,51.437551020408165,13.153265306122446,0.6221244897959185,0.7727122448979592,0.5870306122448982
463,#_#__#_#__#_#_#__#_#_#__#_#__###__#_##__#__#__#__#,22,49,35.749795918367354,8.571428571428577,0.6250367346938774,0.7752061224489795,0.5906489795918365
498,#_#__##__#_#_##__#__##_##__#_##__#__#__#_#__#__#__,22,49,38.686530612244894,8.960408163265312,0.6264755102040814,0.7671938775510204,0.5881673469387757
470,#_#__#__#__#__#_#__#__###__#__##_#__##__#_#_##_#__,22,45,32.567777777777785,7.944444444444442,0.5974311111111111,0.760182222222222,0.5647355555555554
451,#__#_#__#_#__#__#__####__#__##__#_#_#_#__#__##_#_#,23,47,34.331489361702126,8.191276595744684,0.6119787234042553,0.7754042553191487,0.5806021276595743
471,#__#__#__#_#__##__##_##_#__#_###_##__#__#__#_#__#_,23,47,34.53212765957447,8.126382978723404,0.6152574468085106,0.7507021276595747,0.5732914893617023
491,#__#__#__#_#_#__#__#_##_##__#_#_#__##_#_#_#_#_#__#,23,47,32.698936170212754,7.8491489361702085,0.6141127659574468,0.7502510638297872,0.5732255319148937
466,#__#__#__##__#_#_#__#_###__#_#__##__#__#_#__###__#__,23,49,35.92795918367347,8.560408163265311,0.6256020408163265,0.7738244897959181,0.5901122448979594
453,##__#_#_#__#_#__#__#__#_#__#_#__#_###__#_#_#_##__#__,23,49,35.90428571428572,8.151428571428577,0.6283897959183672,0.743942857142857,0.579134693877551
473,#__#_#_#__#_#__#__#_#_#__#_#__#__#_#_#_##_##_##_#__,23,49,34.608163265306125,8.149795918367353,0.626557142857143,0.7665285714285716,0.5874285714285717
460,#_##_##__#__#__##__#_#_##__#_#_#_#__##__#__#__#__#_,23,45,37.72333333333334,9.002666666666673,0.5948666666666667,0.7758822222222223,0.5696066666666668
459,#__#_#__##__#__#__#_##__#_#_#__###_#_##_#_#__#__#_,23,49,34.42775510204082,8.128775510204086,0.6295285714285714,0.7415734693877549,0.5793734693877554
476,#__#__##__#__#_#_#_#__#__##_#_##__#__##_##__#_##_#,24,49,35.92571428571429,8.55979591836735,0.6247428571428572,0.7749510204081634,0.5902163265306126
483,#__#_#__#_#__#__#__##_#__#__#__###__##_####_#_#__#,24,49,34.473061224489804,8.189183673469394,0.6261959183673469,0.7694979591836731,0.5879775510204079
452,#__#_###__#__#_#_#_##__##_##_##_#__#__##_#__#__#__,24,48,41.11104166666667,11.355000000000004,0.6166395833333335,0.7805583333333334,0.5872354166666666
497,#__##__#_#_#__#_#__#_##__#__#__###_#_##__##__#_##__,24,49,35.330816326530616,8.559183673469393,0.6280265306122449,0.7583102040816324,0.5852959183673472
494,##__#__#_#_##__###__#_#__#__###__#__#_#__##_#_##__,24,49,41.322040816326506,11.343265306122452,0.6276448979591835,0.7603142857142855,0.5859836734693875
472,#__##__#_##__#_##__#__#_####_#__#_#__###__#_#_#__#__,25,48,37.82395833333334,8.969166666666672,0.6173375,0.7774208333333337,0.5857937500000002
482,##_#__#__#_#__#__###__#__##__##__##__#_#_#_###_##_,25,48,36.591458333333335,8.56520833333334,0.6225979166666668,0.7534749999999999,0.5798812500000002
458,##__##__#_##_##__#_#__##__#__#__#_#__#__#_#_##_###_,25,49,41.02204081632652,11.344081632653063,0.6248857142857142,0.7717346938775511,0.5880428571428568
450,##_#_#_##__#_##__#_#_#__#_#__###_#__#_#__##__#__##__,25,45,41.479555555555564,11.386666666666672,0.5978355555555555,0.7767088888888889,0.571468888888889
480,#_#__#__##_##_#__##_##__##__#__#_#__##_#__#_###__#_,25,45,41.03244444444445,11.386666666666672,0.596648888888889,0.7755199999999998,0.5696511111111113
469,##__##_#__#_#__#__#__#__#__#######__##__#_#__#__##__,25,49,34.3473469387755,8.128367346938782,0.6265285714285713,0.763120408163265,0.5853326530612245
457,##_#__#__#__#_#_##__##_#_#__##_#__#__#__###_##_##__,25,49,37.84551020408163,8.883265306122453,0.6276979591836734,0.7607571428571428,0.5866959183673466
477,##_#_##__##_#__#__#_####_##__#__##_#__#__#__##__#_,25,49,40.67857142857142,11.265510204081632,0.6259734693877551,0.7668571428571427,0.5870061224489793
487,#__##_##__#__#_#__#_#_#_##__#__###__#_#_#__#__####,25,49,37.16551020408163,8.882244897959188,0.6247142857142856,0.7698469387755102,0.5878836734693875
464,###_#__#_#__#__##_#__#_###_#_#_#__##__#__#_##_#__#,25,49,37.36918367346938,8.884693877551026,0.6264979591836735,0.759491836734694,0.5856020408163268
475,#_##_###_#_#__#__###_#_#__#_#_#_#_#_#__#__##__#_##,26,49,43.45122448979592,11.735102040816326,0.625861224489796,0.7729387755102038,0.5903795918367347
485,##_##_##_#__#_#__#__#_#__#_#_#__#_#_#_##_#_##__###__,26,49,41.21326530612245,11.345510204081638,0.6277081632653062,0.7666142857142858,0.5892
493,#_#_#__####_#__##_#__#_#__#_#_#_#_#_#__#_#__####_#__,26,49,41.075306122448985,11.410000000000004,0.6236693877551021,0.775248979591837,0.5891959183673467
462,##__##_#__#__#__#__#__###__##__######_##__#__#_#_#_,26,48,34.18145833333333,8.127083333333335,0.6188250000000001,0.7703187499999998,0.5832291666666667
478,##_#####__#__#__#_#_#__##_#_#_###__#__##__#_#__#_#__,26,49,43.15081632653061,11.665918367346944,0.623934693877551,0.7737816326530611,0.5889632653061222
488,#__#__##_#_##_#_##__#__#__#_#_##__####__#_#__####_,26,49,41.56510204081633,11.405714285714287,0.6259693877551021,0.7689591836734696,0.5889367346938779
490,#__#__##_##_#__##__#__####__#_##_#_#_#_#_##__#__##_,26,45,37.051333333333346,8.997111111111119,0.5950044444444444,0.7810422222222226,0.5707666666666669
479,##_#_#_#_#__###__#_#__#_#_##__##__#_##_#_#_#_#_#_#__,26,49,41.69428571428571,11.346326530612247,0.6282755102040816,0.7668408163265303,0.5894285714285716
474,#_#_#_###_#__##_##_#_#_##_#_#__####_#_#__#__#__#__,26,49,44.14918367346939,12.07612244897959,0.6215551020408164,0.7828367346938776,0.5921448979591836
461,#__##__#__##__###_###_#_###__#_##__#_##__#__##__##__,27,47,42.79893617021276,11.68957446808511,0.6104191489361702,0.7804255319148935,0.5822382978723405
481,#__#_##_#_#_##__##__#__#__#_###_##_#_##__##__#_###__,27,47,41.51276595744682,11.432765957446811,0.6083,0.7843510638297873,0.582672340425532
456,##__#__#__###__#__###_#__#__###_##__#_#_##_#_###_#,27,49,39.65204081632652,10.8365306122449,0.6290326530612244,0.7596673469387757,0.585118367346939
486,#__#####__#__##__#_#__##__#_#__##__#_#__####_#_###_,27,49,41.46448979591836,11.426734693877552,0.6237979591836734,0.7787306122448981,0.5916163265306125
492,##__#__###__##_##_#_####__#_##_#__#__#__#_###__##__,27,48,43.059999999999995,11.671666666666669,0.6208208333333335,0.7586812500000004,0.5803041666666665
499,##_#_######_#_#__#_###_#__####_#__#__#__#__#__#__#__,27,49,47.52306122448981,12.505306122448975,0.6247204081632651,0.7761142857142861,0.5905530612244895
454,#_#_#_#__#__##_#_###__#######_#_#__##__#_#__#_#__#,27,49,41.15204081632653,11.34632653061225,0.6254897959183674,0.7702122448979589,0.5895102040816325
484,#_##_#_#_##__####__#__#_#__#_#_#__#__##_###_#_##_#__,27,49,44.511020408163255,12.076122448979588,0.6213918367346938,0.7801979591836733,0.5906224489795918
496,###_##_#__##_##__#_#_##_#__#_##__##__#__####_#__##_,28,49,43.36000000000001,11.733877551020406,0.623857142857143,0.7791816326530613,0.5918061224489798
465,#_#_##_###__#__##_#_#__##__###_#__##_#__####__#_##,28,49,43.56775510204082,11.738571428571426,0.6246551020408164,0.7684755102040817,0.587583673469388
467,#__#__#_###_#_####_##_#__#_###_#__##_##__#__###_#_,28,49,45.70081632653061,12.288163265306117,0.6232387755102041,0.7782448979591834,0.5904938775510208
495,####_##_#__#__#####_#__##_#_##_##_##_#__#__#_##_#_,29,49,48.46326530612245,12.767551020408156,0.6224612244897961,0.7798367346938776,0.5913816326530609
489,####_#_##__##__#__##_##_#_###__#_#_#_#__##__##_###_,29,49,43.07734693877551,11.668163265306125,0.6261816326530614,0.7599816326530611,0.584838775510204
455,#####_#_#_#_#####__#__##__#__##__#####_##_###__#_#_,31,49,48.01510204081632,12.804693877551019,0.6201816326530613,0.7815428571428574,0.5902163265306121
468,##__##_#__##__####_##_#__#__###_#_#_###_####_####_,31,49,45.55816326530611,12.081020408163266,0.6230673469387756,0.7766326530612246,0.5894897959183677
